{
    "input_folder": {
        "foreground_mean": {
            "Dice": 0.7722120918275207,
            "FN": 754.0094339622641,
            "FP": 135.50943396226415,
            "IoU": 0.638157303219391,
            "TN": 129198902.85849057,
            "TP": 1340.301886792453,
            "n_pred": 1475.811320754717,
            "n_ref": 2094.311320754717
        },
        "mean": {
            "1": {
                "Dice": 0.7722120918275207,
                "FN": 754.0094339622641,
                "FP": 135.50943396226415,
                "IoU": 0.638157303219391,
                "TN": 129198902.85849057,
                "TP": 1340.301886792453,
                "n_pred": 1475.811320754717,
                "n_ref": 2094.311320754717
            }
        }
    },
    "postprocessed": {
        "foreground_mean": {
            "Dice": 0.7722120918275207,
            "FN": 754.0094339622641,
            "FP": 135.50943396226415,
            "IoU": 0.638157303219391,
            "TN": 129198902.85849057,
            "TP": 1340.301886792453,
            "n_pred": 1475.811320754717,
            "n_ref": 2094.311320754717
        },
        "mean": {
            "1": {
                "Dice": 0.7722120918275207,
                "FN": 754.0094339622641,
                "FP": 135.50943396226415,
                "IoU": 0.638157303219391,
                "TN": 129198902.85849057,
                "TP": 1340.301886792453,
                "n_pred": 1475.811320754717,
                "n_ref": 2094.311320754717
            }
        }
    },
    "postprocessing_fns": [],
    "postprocessing_kwargs": []
}